Player ID,Player Name,Team,Position,Year
1,Matt Ryan,ATL,QB,2020
2,Tom Brady,TAM,QB,2020
3,Ben Roethlisberger,PIT,QB,2020
4,Justin Herbert,LAC,QB,2020
5,Patrick Mahomes,KAN,QB,2020
6,Josh Allen,BUF,QB,2020
7,Kyler Murray,ARI,QB,2020
8,Russell Wilson,SEA,QB,2020
9,Jared Goff,LAR,QB,2020
10,Deshaun Watson,HOU,QB,2020
11,Philip Rivers,IND,QB,2020
12,Matthew Stafford,DET,QB,2020
13,Aaron Rodgers,GNB,QB,2020
14,Derek Carr,LVR,QB,2020
15,Kirk Cousins,MIN,QB,2020
16,Teddy Bridgewater,CAR,QB,2020
17,Baker Mayfield,CLE,QB,2020
18,Ryan Tannehill,TEN,QB,2020
19,Daniel Jones,NYG,QB,2020
20,Drew Lock,DEN,QB,2020
21,Carson Wentz,PHI,QB,2020
22,Joe Burrow,CIN,QB,2020
23,Drew Brees,NOR,QB,2020
24,Lamar Jackson,BAL,QB,2020
25,Cam Newton,NWE,QB,2020
26,Sam Darnold,NYJ,QB,2020
27,Andy Dalton,DAL,QB,2020
28,Gardner Minshew II,JAX,QB,2020
29,Nick Mullens,SFO,QB,2020
30,Nick Foles,CHI,QB,2020
31,Mitchell Trubisky,CHI,QB,2020
32,Tua Tagovailoa,MIA,QB,2020
33,Ryan Fitzpatrick,MIA,QB,2020
34,Alex Smith,WAS,QB,2020
35,Dwayne Haskins,WAS,QB,2020
36,Dak Prescott,DAL,QB,2020
37,Mike Glennon,JAX,QB,2020
38,Jalen Hurts,PHI,QB,2020
39,Brandon Allen,CIN,QB,2020
40,Jimmy Garoppolo,SFO,QB,2020
41,Joe Flacco,NYJ,QB,2020
42,Taysom Hill,NOR,WR,2020
43,Jake Luton,JAX,QB,2020
44,C.J. Beathard,SFO,QB,2020
45,Kyle Allen,WAS,QB,2020
46,Colt McCoy,NYG,QB,2020
47,Jeff Driskel,DEN,QB,2020
48,Phillip Walker,CAR,QB,2020
49,Jarrett Stidham,NWE,QB,2020
50,Chase Daniel,DET,QB,2020
51,Ben DiNucci,DAL,QB,2020
52,Mason Rudolph,PIT,QB,2020
53,Brett Rypien,DEN,QB,2020
54,Garrett Gilbert,DAL,QB,2020
55,Chad Henne,KAN,QB,2020
56,John Wolford,LAR,QB,2020
57,Ryan Finley,CIN,QB,2020
58,Tyrod Taylor,LAC,QB,2020
59,Marcus Mariota,LVR,QB,2020
60,Brian Hoyer,NWE,QB,2020
61,Matt Barkley,BUF,QB,2020
62,Taylor Heinicke,WAS,QB,2020
63,Blaine Gabbert,TAM,QB,2020
64,Chris Streveler,ARI,QB,2020
65,Robert Griffin III,BAL,QB,2020
66,Nate Sudfeld,PHI,QB,2020
67,Jameis Winston,NOR,QB,2020
68,David Blough,DET,QB,2020
69,Case Keenum,CLE,QB,2020
70,Trace McSorley,BAL,QB,2020
71,Kendall Hinton,DEN,WR,2020
72,Jacoby Brissett,IND,QB,2020
73,Tyler Bray,CHI,QB,2020
74,Joshua Dobbs,PIT,QB,2020
75,Tyler Huntley,BAL,QB,2020
76,Nathan Peterman,LVR,QB,2020
77,Geno Smith,SEA,QB,2020
78,Jarvis Landry,CLE,WR,2020
79,Logan Woodside,TEN,QB,2020
80,Lynn Bowden Jr.,MIA,RB,2020
81,Tyler Boyd,CIN,WR,2020
82,Julian Edelman,NWE,WR,2020
83,Russell Gage,ATL,WR,2020
84,Travis Kelce,KAN,TE,2020
85,Jakobi Meyers,NWE,WR,2020
86,Golden Tate,NYG,WR,2020
87,Cedrick Wilson Jr.,DAL,WR,2020
88,Jamal Agnew,DET,WR,2020
89,Keenan Allen,LAC,WR,2020
90,Cole Beasley,BUF,WR,2020
91,Odell Beckham Jr.,CLE,WR,2020
92,Joseph Charlton,CAR,P,2020
93,Randall Cobb,HOU,WR,2020
94,Jamison Crowder,NYJ,WR,2020
95,Riley Dixon,NYG,P,2020
96,Alex Erickson,CIN,WR,2020
97,Jaquan Johnson,BUF,S,2020
98,Chris Jones,DAL,P,2020
99,Zay Jones,LVR,WR,2020
100,Brett Kern,TEN,P,2020
101,Sam Koch,BAL,P,2020
102,Andy Lee,ARI,P,2020
103,A.J. McCarron,HOU,QB,2020
104,Isaiah McKenzie,BUF,WR,2020
105,D.J. Moore,CAR,WR,2020
106,Zach Pascal,IND,WR,2020
107,Easton Stick,LAC,QB,2020
108,Logan Thomas,WAS,TE,2020
109,Tommy Townsend,KAN,P,2020
110,Greg Ward,PHI,WR,2020
111,Sammy Watkins,KAN,WR,2020
112,Isaiah Wright,WAS,WR,2020
113,Stefon Diggs,BUF,WR,2020
114,Davante Adams,GNB,WR,2020
115,DeAndre Hopkins,ARI,WR,2020
116,Darren Waller,LVR,TE,2020
117,Allen Robinson,CHI,WR,2020
118,Tyler Lockett,SEA,WR,2020
119,JuJu Smith-Schuster,PIT,WR,2020
120,Robby Anderson,CAR,WR,2020
121,Amari Cooper,DAL,WR,2020
122,Cooper Kupp,LAR,WR,2020
123,Calvin Ridley,ATL,WR,2020
124,Robert Woods,LAR,WR,2020
125,Justin Jefferson,MIN,WR,2020
126,Diontae Johnson,PIT,WR,2020
127,Tyreek Hill,KAN,WR,2020
128,Terry McLaurin,WAS,WR,2020
129,Alvin Kamara,NOR,RB,2020
130,D.K. Metcalf,SEA,WR,2020
131,Brandin Cooks,HOU,WR,2020
132,J.D. McKissic,WAS,RB,2020
133,Curtis Samuel,CAR,WR,2020
134,Marvin Jones,DET,WR,2020
135,CeeDee Lamb,DAL,WR,2020
136,Adam Thielen,MIN,WR,2020
137,A.J. Brown,TEN,WR,2020
138,Mike Evans,TAM,WR,2020
139,Tee Higgins,CIN,WR,2020
140,T.J. Hockenson,DET,TE,2020
141,Sterling Shepard,NYG,WR,2020
142,Corey Davis,TEN,WR,2020
143,Chris Godwin,TAM,WR,2020
144,Evan Engram,NYG,TE,2020
145,Nyheim Hines,IND,RB,2020
146,DeVante Parker,MIA,WR,2020
147,Dalton Schultz,DAL,TE,2020
148,Chase Claypool,PIT,WR,2020
149,Noah Fant,DEN,TE,2020
150,Darnell Mooney,CHI,WR,2020
151,Emmanuel Sanders,NOR,WR,2020
152,Brandon Aiyuk,SFO,WR,2020
153,Hunter Henry,LAC,TE,2020
154,Mike Davis,CAR,RB,2020
155,Michael Gallup,DAL,WR,2020
156,Mark Andrews,BAL,TE,2020
157,Marquise Brown,BAL,WR,2020
158,Laviska Shenault Jr.,JAX,WR,2020
159,Eric Ebron,PIT,TE,2020
160,T.Y. Hilton,IND,WR,2020
161,Hayden Hurst,ATL,TE,2020
162,Hunter Renfrow,LVR,WR,2020
163,Keelan Cole,JAX,WR,2020
164,Austin Ekeler,LAC,RB,2020
165,Larry Fitzgerald,ARI,WR,2020
166,David Montgomery,CHI,RB,2020
167,DJ Chark,JAX,WR,2020
168,Chase Edmonds,ARI,RB,2020
169,Will Fuller,HOU,WR,2020
170,Mike Gesicki,MIA,TE,2020
171,Ezekiel Elliott,DAL,RB,2020
172,Jerry Jeudy,DEN,WR,2020
173,Josh Reynolds,LAR,WR,2020
174,Robert Tonyan,GNB,TE,2020
175,Julio Jones,ATL,WR,2020
176,Tim Patrick,DEN,WR,2020
177,Jimmy Graham,CHI,TE,2020
178,Darius Slayton,NYG,WR,2020
179,Kendrick Bourne,SFO,WR,2020
180,Anthony Miller,CHI,WR,2020
181,James Robinson,JAX,RB,2020
182,James White,NWE,RB,2020
183,Nelson Agholor,LVR,WR,2020
184,Christian Kirk,ARI,WR,2020
185,George Kittle,SFO,TE,2020
186,Mike Williams,LAC,WR,2020
187,Giovani Bernard,CIN,RB,2020
188,Damiere Byrd,NWE,WR,2020
189,A.J. Green,CIN,WR,2020
190,Aaron Jones,GNB,RB,2020
191,Danny Amendola,DET,WR,2020
192,Dallas Goedert,PHI,TE,2020
193,Austin Hooper,CLE,TE,2020
194,D'Andre Swift,DET,RB,2020
195,Antonio Brown,TAM,WR,2020
196,Rob Gronkowski,TAM,TE,2020
197,Demarcus Robinson,KAN,WR,2020
198,Dalvin Cook,MIN,RB,2020
199,Tyler Higbee,LAR,TE,2020
200,Gerald Everett,LAR,TE,2020
201,Myles Gaskin,MIA,RB,2020
202,Mecole Hardman,KAN,WR,2020
203,Jonnu Smith,TEN,TE,2020
204,Chris Conley,JAX,WR,2020
205,Michael Pittman Jr.,IND,WR,2020
206,Drew Sample,CIN,TE,2020
207,Michael Thomas,NOR,WR,2020
208,Anthony Firkser,TEN,TE,2020
209,Travis Fulgham,PHI,WR,2020
210,Kareem Hunt,CLE,RB,2020
211,Devin Singletary,BUF,RB,2020
212,Jordan Akins,HOU,TE,2020
213,Braxton Berrios,NYJ,WR,2020
214,Chris Carson,SEA,RB,2020
215,Jared Cook,NOR,TE,2020
216,Rashard Higgins,CLE,WR,2020
217,Clyde Edwards-Helaire,KAN,RB,2020
218,Tyler Eifert,JAX,TE,2020
219,Zach Ertz,PHI,TE,2020
220,Leonard Fournette,TAM,RB,2020
221,Antonio Gibson,WAS,RB,2020
222,Jakeem Grant,MIA,WR,2020
223,Jonathan Taylor,IND,RB,2020
224,James Conner,PIT,RB,2020
225,Gabriel Davis,BUF,WR,2020
226,David Moore,SEA,WR,2020
227,Tre'Quan Smith,NOR,WR,2020
228,John Brown,BUF,WR,2020
229,Keke Coutee,HOU,WR,2020
230,N'Keal Harry,NWE,WR,2020
231,Josh Jacobs,LVR,RB,2020
232,David Johnson,HOU,RB,2020
233,Allen Lazard,GNB,WR,2020
234,Jerick McKinnon,SFO,RB,2020
235,Scott Miller,TAM,WR,2020
236,Deebo Samuel,SFO,WR,2020
237,Willie Snead,BAL,WR,2020
238,Marquez Valdes-Scantling,GNB,WR,2020
239,Melvin Gordon,DEN,RB,2020
240,Cam Sims,WAS,WR,2020
241,Mo Alie-Cox,IND,TE,2020
242,Dan Arnold,ARI,TE,2020
243,Chris Herndon,NYJ,TE,2020
244,Jalen Reagor,PHI,WR,2020
245,Jamaal Williams,GNB,RB,2020
246,KJ Hamler,DEN,WR,2020
247,Breshad Perriman,NYJ,WR,2020
248,Irv Smith Jr.,MIN,TE,2020
249,James Washington,PIT,WR,2020
250,Kalen Ballage,2TM,RB,2020
251,Cameron Brate,TAM,TE,2020
252,Trey Burton,IND,TE,2020
253,Isaiah Ford,MIA,WR,2020
254,Jalen Guyton,LAC,WR,2020
255,Duke Johnson,HOU,RB,2020
256,Ronald Jones II,TAM,RB,2020
257,Cole Kmet,CHI,TE,2020
258,James O'Shaughnessy,JAX,TE,2020
259,Tony Pollard,DAL,RB,2020
260,Kyle Rudolph,MIN,TE,2020
261,Miles Sanders,PHI,RB,2020
262,Steven Sims,WAS,WR,2020
263,Jordan Reed,SFO,TE,2020
264,Henry Ruggs III,LVR,WR,2020
265,Durham Smythe,MIA,TE,2020
266,Rex Burkhead,NWE,RB,2020
267,Kenyan Drake,ARI,RB,2020
268,Todd Gurley,ATL,RB,2020
269,Brian Hill,ATL,RB,2020
270,Jacob Hollister,SEA,TE,2020
271,Boston Scott,PHI,RB,2020
272,Harrison Bryant,CLE,TE,2020
273,Will Dissly,SEA,TE,2020
274,Dawson Knox,BUF,TE,2020
275,Greg Olsen,SEA,TE,2020
276,Richard Rodgers,PHI,TE,2020
277,Malcolm Brown,LAR,RB,2020
278,Jack Doyle,IND,TE,2020
279,DaeSean Hamilton,DEN,WR,2020
280,Adam Humphries,TEN,WR,2020
281,Richie James,SFO,WR,2020
282,Joshua Kelley,LAC,RB,2020
283,Denzel Mims,NYJ,WR,2020
284,Latavius Murray,NOR,RB,2020
285,Marquez Callaway,NOR,WR,2020
286,Darren Fells,HOU,TE,2020
287,Wayne Gallman,NYG,RB,2020
288,Andy Isabella,ARI,WR,2020
289,Joe Mixon,CIN,RB,2020
290,Cordarrelle Patterson,CHI,WR,2020
291,Chad Beebe,MIN,WR,2020
292,Quintez Cephus,DET,WR,2020
293,Devin Duvernay,BAL,WR,2020
294,Kenny Golladay,DET,WR,2020
295,Deonte Harris,NOR,WR,2020
296,Tyron Johnson,LAC,WR,2020
297,Ray-Ray McCloud,PIT,WR,2020
298,Ian Thomas,CAR,TE,2020
299,Chris Thompson,JAX,RB,2020
300,Olamide Zaccheaus,ATL,WR,2020
301,Miles Boykin,BAL,WR,2020
302,Tyler Conklin,MIN,TE,2020
303,Ross Dwelley,SFO,TE,2020
304,Derrick Henry,TEN,RB,2020
305,Justin Jackson,LAC,RB,2020
306,Van Jefferson,LAR,WR,2020
307,Kerryon Johnson,DET,RB,2020
308,Kyle Juszczyk,SFO,FB,2020
309,Dion Lewis,NYG,RB,2020
310,David Njoku,CLE,TE,2020
311,Jalen Richard,LVR,RB,2020
312,J.K. Dobbins,BAL,RB,2020
313,Marvin Hall,2TM,WR,2020
314,Dontrelle Inman,WAS,WR,2020
315,Collin Johnson,JAX,WR,2020
316,Kaden Smith,NYG,TE,2020
317,Darrel Williams,KAN,RB,2020
318,Preston Williams,MIA,WR,2020
319,Devontae Booker,LVR,RB,2020
320,DeeJay Dallas,SEA,RB,2020
321,Chad Hansen,HOU,WR,2020
322,Christian McCaffrey,CAR,RB,2020
323,Mohamed Sanu,2TM,WR,2020
324,Ito Smith,ATL,RB,2020
325,Jeff Smith,NYJ,WR,2020
326,Le'Veon Bell,2TM,RB,2020
327,Nick Chubb,CLE,RB,2020
328,Frank Gore,NYJ,RB,2020
329,Darrell Henderson,LAR,RB,2020
330,Mack Hollins,MIA,WR,2020
331,Carlos Hyde,SEA,RB,2020
332,Ty Johnson,2TM,RB,2020
333,Raheem Mostert,SFO,RB,2020
334,KeeSean Johnson,ARI,WR,2020
335,LeSean McCoy,TAM,RB,2020
336,Vance McDonald,PIT,TE,2020
337,Adam Trautman,NOR,TE,2020
338,Nick Boyle,BAL,TE,2020
339,Noah Brown,DAL,WR,2020
340,Pharaoh Brown,HOU,TE,2020
341,Chris Hogan,NYJ,WR,2020
342,DeSean Jackson,PHI,WR,2020
343,Jesse James,DET,TE,2020
344,Marcus Johnson,IND,WR,2020
345,Olabisi Johnson,MIN,WR,2020
346,Zack Moss,BUF,RB,2020
347,Donovan Peoples-Jones,CLE,WR,2020
348,Auden Tate,CIN,WR,2020
349,Nick Vannett,DEN,TE,2020
350,Christian Blake,ATL,WR,2020
351,Ryan Izzo,NWE,TE,2020
352,Alexander Mattison,MIN,RB,2020
353,Byron Pringle,KAN,WR,2020
354,Freddie Swain,SEA,WR,2020
355,Mike Thomas,CIN,WR,2020
356,Jeff Wilson,SFO,RB,2020
357,Jason Witten,LVR,TE,2020
358,Cameron Batson,TEN,WR,2020
359,Royce Freeman,DEN,RB,2020
360,Alec Ingold,LVR,FB,2020
361,Tyler Johnson,TAM,WR,2020
362,Tyler Kroft,BUF,TE,2020
363,Jeremy McNichols,TEN,RB,2020
364,Adrian Peterson,DET,RB,2020
365,Brandon Powell,ATL,WR,2020
366,Adam Shaheen,MIA,TE,2020
367,Jace Sternberger,GNB,TE,2020
368,Jordan Wilkins,IND,RB,2020
369,Salvon Ahmed,MIA,RB,2020
370,Cam Akers,LAR,RB,2020
371,Blake Bell,DAL,TE,2020
372,C.J. Board,NYG,WR,2020
373,Bryan Edwards,LVR,WR,2020
374,Tyler Ervin,GNB,RB,2020
375,KhaDarel Hodge,CLE,WR,2020
376,O.J. Howard,TAM,TE,2020
377,Albert Okwuegbunam,DEN,TE,2020
378,La'Mical Perine,NYJ,RB,2020
379,Samaje Perine,CIN,RB,2020
380,Keith Smith,ATL,FB,2020
381,Kenny Stills,HOU,WR,2020
382,De'Michael Harris,IND,WR,2020
383,John Hightower,PHI,WR,2020
384,Patrick Laird,MIA,RB,2020
385,Marcedes Lewis,GNB,TE,2020
386,Dare Ogunbowale,JAX,RB,2020
387,Donald Parham,LAC,TE,2020
388,Benny Snell Jr.,PIT,RB,2020
389,Trent Taylor,SFO,WR,2020
390,Matt Breida,MIA,RB,2020
391,Gus Edwards,BAL,RB,2020
392,Ryan Griffin,NYJ,TE,2020
393,Travis Homer,SEA,RB,2020
394,Devine Ozigbo,JAX,RB,2020
395,Malcolm Perry,MIA,RB,2020
396,Kalif Raymond,TEN,WR,2020
397,Patrick Ricard,BAL,FB,2020
398,Jaylen Samuels,PIT,RB,2020
399,Rodney Smith,CAR,RB,2020
400,Geoff Swaim,TEN,WR,2020
401,Ameer Abdullah,MIN,RB,2020
402,Stephen Anderson,LAC,TE,2020
403,Darrell Daniels,ARI,TE,2020
404,Troy Fumagalli,DEN,TE,2020
405,C.J. Ham,MIN,FB,2020
406,Josh Hill,NOR,TE,2020
407,Jakob Johnson,NWE,FB,2020
408,Ryan Nall,CHI,RB,2020
409,Troymaine Pope,LAC,RB,2020
410,C.J. Uzomah,CIN,TE,2020
411,Maxx Williams,ARI,TE,2020
412,Devonta Freeman,NYG,RB,2020
413,Demetrius Harris,CHI,TE,2020
414,Jamycal Hasty,SFO,RB,2020
415,K.J. Hill,LAC,WR,2020
416,Phillip Lindsay,DEN,RB,2020
417,Austin Mack,NYG,WR,2020
418,Sony Michel,NWE,RB,2020
419,Jaydon Mickens,TAM,WR,2020
420,Foster Moreau,LVR,TE,2020
421,Equanimeous St. Brown,GNB,WR,2020
422,Luke Stocker,ATL,TE,2020
423,Darwin Thompson,KAN,RB,2020
424,Quez Watkins,PHI,WR,2020
425,Justin Watson,TAM,WR,2020
426,Deon Yelder,KAN,TE,2020
427,Josh Adams,NYJ,RB,2020
428,Saquon Barkley,NYG,RB,2020
429,Dez Bryant,BAL,WR,2020
430,Parris Campbell,IND,WR,2020
431,Tyrie Cleveland,DEN,WR,2020
432,Tarik Cohen,CHI,RB,2020
433,River Cracraft,SFO,WR,2020
434,Mark Ingram,BAL,RB,2020
435,Alshon Jeffery,PHI,WR,2020
436,Nick Keizer,KAN,TE,2020
437,Chris Manhertz,CAR,TE,2020
438,Anthony McFarland Jr.,PIT,RB,2020
439,Laquon Treadwell,ATL,WR,2020
440,Javon Wims,CHI,WR,2020
441,Alex Armah,CAR,RB,2020
442,Tavon Austin,GNB,WR,2020
443,Ja'Marcus Bradley,CLE,WR,2020
444,Cethan Carter,CIN,TE,2020
445,Corey Clement,PHI,RB,2020
446,Pharoh Cooper,CAR,WR,2020
447,Damien Harris,NWE,RB,2020
448,Justice Hill,BAL,RB,2020
449,Steven Mitchell,HOU,WR,2020
450,Gabe Nabers,LAC,FB,2020
451,Gunner Olszewski,NWE,WR,2020
452,C.J. Prosise,HOU,RB,2020
453,MyCole Pruitt,TEN,TE,2020
454,Theo Riddick,LVR,RB,2020
455,Darrius Shepherd,GNB,WR,2020
456,Trent Sherfield,ARI,WR,2020
457,Malik Taylor,GNB,WR,2020
458,Levine Toilolo,NYG,TE,2020
459,Ke'Shawn Vaughn,TAM,RB,2020
460,DeAndre Washington,2TM,RB,2020
461,Trayveon Williams,CIN,RB,2020
462,JJ Arcega-Whiteside,PHI,WR,2020
463,Peyton Barber,WAS,RB,2020
464,Khari Blasingame,TEN,FB,2020
465,Michael Burton,NOR,FB,2020
466,Tevin Coleman,SFO,RB,2020
467,Juwan Johnson,NOR,WR,2020
468,Josh Malone,NYJ,WR,2020
469,Johnny Mundt,LAR,TE,2020
470,Dante Pettis,2TM,WR,2020
471,Damion Ratley,NYG,WR,2020
472,Riley Ridley,CHI,WR,2020
473,Andre Roberts,BUF,WR,2020
474,Seth Roberts,CAR,WR,2020
475,Lee Smith,BUF,TE,2020
476,Jonathan Williams,DET,RB,2020
477,Deontay Burnett,PHI,WR,2020
478,Trenton Cannon,CAR,RB,2020
479,Austin Carr,NOR,WR,2020
480,Ashton Dulin,IND,WR,2020
481,Ted Ginn Jr.,CHI,WR,2020
482,Terry Godwin,JAX,WR,2020
483,Jaeden Graham,ATL,TE,2020
484,Virgil Green,LAC,TE,2020
485,Tanner Hudson,TAM,TE,2020
486,Lil'Jordan Humphrey,NOR,WR,2020
487,D'Ernest Johnson,CLE,RB,2020
488,Dalton Keene,NWE,TE,2020
489,Marlon Mack,IND,RB,2020
490,Ty Montgomery,NOR,RB,2020
491,Alfred Morris,NYG,RB,2020
492,Eric Saubert,JAX,TE,2020
493,Diontae Spencer,DEN,WR,2020
494,Courtland Sutton,DEN,WR,2020
495,Kahale Warring,HOU,TE,2020
496,Nick Westbrook-Ikhine,TEN,WR,2020
497,Charlie Woerner,SFO,TE,2020
498,Brandon Zylstra,CAR,WR,2020
499,Devin Asiasi,NWE,TE,2020
500,Reggie Bonnafon,CAR,RB,2020
501,Mike Boone,MIN,RB,2020
502,Daniel Brown,NYJ,TE,2020
503,Jake Butt,DEN,TE,2020
504,Jason Cabinda,DET,MLB,2020
505,Lawrence Cager,NYJ,WR,2020
506,Antonio Callaway,MIA,WR,2020
507,Chandler Cox,MIA,FB,2020
508,Dominique Dafney,GNB,TE,2020
509,AJ Dillon,GNB,RB,2020
510,Darrynton Evans,TEN,RB,2020
511,Robert Foster,WAS,WR,2020
512,Daurice Fountain,IND,WR,2020
513,Bennie Fowler,NOR,WR,2020
514,Reggie Gilliam,BUF,RB,2020
515,Andy Janovich,CLE,FB,2020
516,Lamar Miller,CHI,RB,2020
517,Colby Parkinson,SEA,TE,2020
518,Elijhaa Penny,NYG,RB,2020
519,John Ross,CIN,WR,2020
520,Isaiah Zuber,NWE,WR,2020
521,Marcus Baugh,WAS,TE,2020
522,LeVante Bellamy,DEN,RB,2020
523,Nick Bellore,SEA,FB,2020
524,Hunter Bryant,DET,TE,2020
525,Stephen Carlson,CLE,TE,2020
526,Derek Carrier,LVR,TE,2020
527,DeAndre Carter,2TM,WR,2020
528,Alex Collins,SEA,RB,2020
529,Jason Croom,PHI,TE,2020
530,Josiah Deguara,GNB,TE,2020
531,Gehrig Dieter,KAN,WR,2020
532,Brandon Dillon,MIN,TE,2020
533,Ben Ellefson,JAX,TE,2020
534,Eric Fisher,KAN,LT,2020
535,D'Onta Foreman,TEN,RB,2020
536,D.J. Foster,ARI,RB,2020
537,Antonio Gandy-Golden,WAS,WR,2020
538,Cullen Gillaspia,HOU,FB,2020
539,Penny Hart,SEA,WR,2020
540,Temarrick Hemingway,WAS,TE,2020
541,Dontrell Hilliard,2TM,RB,2020
542,Cody Hollister,TEN,WR,2020
543,Jordan Howard,2TM,RB,2020
544,Buddy Howell,HOU,RB,2020
545,Jason Huntley,PHI,RB,2020
546,Trenton Irwin,CIN,WR,2020
547,Blake Jarwin,DAL,TE,2020
548,Marcus Kemp,2TM,WR,2020
549,Adrian Killins,PHI,RB,2020
550,Keith Kirkwood,CAR,WR,2020
551,Jake Kumerow,BUF,WR,2020
552,Kendall Lamm,CLE,T,2020
553,Tommylee Lewis,NOR,WR,2020
554,Bobby Massie,CHI,RT,2020
555,Bruce Miller,JAX,FB,2020
556,Donte Moncrief,NWE,WR,2020
557,Isaac Nauta,DET,TE,2020
558,Siran Neal,BUF,CB,2020
559,Scottie Phillips,HOU,RB,2020
560,James Proche,BAL,WR,2020
561,Craig Reynolds,JAX,RB,2020
562,Jaleel Scott,NYJ,WR,2020
563,Anthony Sherman,KAN,RB,2020
564,Vyncint Smith,NYJ,WR,2020
565,Jeremy Sprinkle,WAS,TE,2020
566,J.J. Taylor,NWE,RB,2020
567,Jordan Thomas,2TM,TE,2020
568,Colin Thompson,CAR,TE,2020
569,Zeke Turner,ARI,LB,2020
570,Austin Walter,SFO,RB,2020
571,Jonathan Ward,ARI,RB,2020
572,Trevon Wesco,NYJ,TE,2020
573,Dede Westbrook,JAX,WR,2020
574,Antonio Williams,BUF,RB,2020
575,Luke Willson,2TM,TE,2020
576,T.J. Yeldon,BUF,RB,2020
577,Tim Boyle,GNB,QB,2020
578,Rashaad Penny,SEA,RB,2020
579,Dwayne Washington,NOR,RB,2020
580,Rico Dowdle,DAL,RB,2020
581,Artavis Pierce,CHI,RB,2020
582,Bo Scarbrough,SEA,RB,2020
583,Joe Reed,LAC,WR,2020
584,Tommy Stevens,CAR,TE,2020
585,Tony Brooks-James,ATL,RB,2020
586,Tony Jones,NOR,RB,2020
587,John Lovett,GNB,TE,2020
588,Matt Schaub,ATL,QB,2020
589,Jeremy Chinn,CAR,S,2020
590,Clayton Fejedelem,MIA,S,2020
591,Myles Hartsfield,CAR,RB,2020
592,Senorise Perry,TEN,RB,2020
593,Dexter Williams,GNB,RB,2020
594,Shawn Williams,CIN,S,2020
595,AJ Cole III,LVR,P,2020
596,Jamie Gillan,CLE,P,2020
597,Jeff Heath,LVR,S,2020
598,Amani Hooker,TEN,S,2020
599,Ty Long,LAC,P,2020
600,Sam Martin,DEN,P,2020
601,Barkevious Mingo,CHI,OLB,2020
602,C.J. Moore,DET,S,2020
603,Jojo Natson,CLE,WR,2020
604,Sharrod Neasman,ATL,S,2020
605,Qadree Ollison,ATL,RB,2020
606,Matt Skura,BAL,C,2020
607,Darian Thompson,DAL,S,2020